id,GRE_Score_v,TOEFL_Score_v,University_Rating_v,SOP_v,LOR_v,CGPA_v,Research_v,GRE_Score_a,TOEFL_Score_a,University_Rating_a,SOP_a,LOR_a,CGPA_a,Research_a,y
0,337,118,4,4.5,4.5,9.65,1,0.11,0.171,0.031,0.01,0.029,0.337,0.043,0.996
1,324,107,4,4,4.5,8.87,1,0.048,-0.031,0.042,0.009,0.054,0.075,0.059,0.521
2,316,104,3,3,3.5,8,1,-0.024,-0.066,-0.009,-0.003,-0.008,-0.153,0.01,0.01
3,322,110,3,3.5,2.5,8.67,1,0.01,0.004,-0.014,0.001,-0.054,-0.041,0.038,0.208
4,314,103,2,2,3,8.21,0,-0.026,-0.06,-0.023,-0.006,-0.015,-0.096,-0.035,0.002
5,330,115,5,4.5,3,9.34,1,0.093,0.163,0.073,0.013,-0.013,0.305,0.064,0.963
6,321,109,3,3,4,8.2,1,-0.005,-0.02,-0.011,-0.004,0.007,-0.17,0.022,0.082
7,308,101,2,3,4,7.9,0,-0.034,-0.068,-0.021,-0.003,0,-0.11,-0.028,0.001
8,302,102,1,2,1.5,8,0,-0.041,-0.052,-0.029,-0.005,-0.028,-0.084,-0.024,0
9,323,108,3,3.5,3,8.6,0,0,-0.038,-0.013,-0.001,-0.026,-0.07,-0.06,0.057
10,325,106,3,3.5,4,8.4,1,0.018,-0.07,-0.013,0,0.008,-0.121,0.025,0.11
11,327,111,4,4,4.5,9,1,0.091,0.097,0.049,0.011,0.056,0.174,0.072,0.813
12,328,112,4,4,4.5,9.1,1,0.097,0.122,0.047,0.01,0.054,0.22,0.071,0.884
13,307,109,3,4,3,8,1,-0.052,-0.017,-0.013,0.002,-0.018,-0.163,0.011,0.013
14,311,104,3,3.5,2,8.2,1,-0.042,-0.063,-0.011,-0.001,-0.036,-0.112,0.009,0.007
15,314,105,3,3.5,2.5,8.3,0,-0.03,-0.051,-0.014,-0.001,-0.029,-0.095,-0.037,0.006
16,317,107,3,4,3,8.7,0,-0.03,-0.052,-0.012,0.003,-0.025,-0.05,-0.054,0.045
17,319,106,3,4,3,8,1,-0.015,-0.045,-0.013,0.002,-0.018,-0.17,0.012,0.017
18,318,110,3,4,3,8.8,0,-0.021,-0.003,-0.014,0.005,-0.028,-0.02,-0.072,0.11
19,303,102,3,3.5,3,8.5,0,-0.056,-0.075,-0.011,-0.001,-0.014,-0.07,-0.033,0.004
20,312,107,3,3,2,7.9,1,-0.031,-0.037,-0.009,-0.003,-0.031,-0.156,0.009,0.006
21,325,114,4,3,2,8.4,0,0.018,0.055,0.016,-0.004,-0.062,-0.119,-0.066,0.102
22,328,116,5,5,5,9.5,1,0.066,0.17,0.067,0.013,0.053,0.318,0.04,0.991
23,334,119,5,5,4.5,9.7,1,0.09,0.165,0.062,0.016,0.032,0.325,0.044,0.998
24,336,119,5,4,3.5,9.8,1,0.116,0.158,0.055,0.006,0.009,0.33,0.06,0.998
25,340,120,5,4.5,4.5,9.6,1,0.115,0.18,0.051,0.01,0.028,0.305,0.046,0.998
26,322,109,5,4.5,3.5,8.8,0,0.014,-0.007,0.065,0.012,-0.007,0.01,-0.083,0.268
27,298,98,2,1.5,2.5,7.5,1,-0.047,-0.071,-0.017,-0.006,-0.017,-0.11,0.005,0
28,295,93,1,2,2,7.2,0,-0.041,-0.072,-0.02,-0.004,-0.018,-0.089,-0.021,0
29,310,99,2,1.5,2,7.3,0,-0.025,-0.065,-0.018,-0.006,-0.02,-0.109,-0.021,0
30,300,97,2,3,3,8.1,1,-0.051,-0.092,-0.021,-0.002,-0.013,-0.091,0.006,0.001
31,327,103,3,4,4,8.3,1,0.018,-0.106,-0.011,0.003,0.004,-0.132,0.019,0.057
32,338,118,4,3,4.5,9.4,1,0.131,0.201,0.03,0,0.037,0.272,0.057,0.991
33,340,114,5,4,4,9.6,1,0.121,0.113,0.062,0.006,0.025,0.343,0.059,0.993
34,331,112,5,4,5,9.8,1,0.079,0.081,0.043,0.008,0.05,0.416,0.052,0.993
35,320,110,5,5,5,9.2,1,0.033,0.078,0.091,0.022,0.08,0.254,0.068,0.89
36,299,106,2,4,4,8.4,0,-0.067,-0.044,-0.027,0.001,0.001,-0.085,-0.039,0.005
37,300,105,1,1,2,7.8,0,-0.044,-0.04,-0.028,-0.008,-0.022,-0.096,-0.025,0
38,304,105,1,3,1.5,7.5,0,-0.036,-0.036,-0.027,-0.002,-0.028,-0.109,-0.025,0
39,307,108,2,4,3.5,7.7,0,-0.039,-0.026,-0.022,0.001,-0.007,-0.138,-0.032,0.001
40,308,110,3,3.5,3,8,1,-0.046,-0.013,-0.012,-0.001,-0.016,-0.171,0.012,0.017
41,316,105,2,2.5,2.5,8.2,1,-0.024,-0.06,-0.03,-0.006,-0.026,-0.118,0.01,0.01
42,313,107,2,2.5,2,8.5,1,-0.039,-0.044,-0.035,-0.006,-0.046,-0.083,0.013,0.023
43,332,117,4,4.5,4,9.1,0,0.122,0.249,0.044,0.015,0.029,0.216,-0.059,0.881
44,326,113,5,4.5,4,9.4,1,0.071,0.136,0.073,0.012,0.027,0.321,0.057,0.961
45,322,110,5,5,4,9.1,1,0.048,0.072,0.096,0.024,0.031,0.21,0.073,0.817
46,329,114,5,4,5,9.3,1,0.083,0.139,0.082,0.008,0.063,0.287,0.05,0.976
47,339,119,5,4.5,4,9.7,0,0.108,0.17,0.058,0.01,0.021,0.395,-0.033,0.994
48,321,110,3,3.5,5,8.85,1,0.025,0.044,-0.007,0.003,0.08,0.078,0.065,0.551
49,327,111,4,3,4,8.4,1,0.053,0.047,0.033,-0.004,0.02,-0.113,0.044,0.345
50,313,98,3,2.5,4.5,8.3,1,-0.032,-0.131,-0.013,-0.006,0.011,-0.095,0.01,0.009
51,312,100,2,1.5,3.5,7.9,1,-0.027,-0.084,-0.021,-0.007,-0.006,-0.124,0.007,0.002
52,334,116,4,4,3,8,1,0.098,0.136,0.032,0.009,-0.028,-0.229,0.052,0.333
53,324,112,4,4,2.5,8.1,1,0.013,0.026,0.018,0.005,-0.042,-0.2,0.027,0.111
54,322,110,3,3,3.5,8,0,-0.004,-0.01,-0.011,-0.003,-0.007,-0.171,-0.041,0.016
55,320,103,3,3,3,7.7,0,-0.01,-0.058,-0.01,-0.003,-0.014,-0.138,-0.031,0.001
56,316,102,3,2,3,7.4,0,-0.017,-0.059,-0.009,-0.005,-0.012,-0.134,-0.028,0
57,298,99,2,4,2,7.6,0,-0.044,-0.065,-0.016,0,-0.021,-0.096,-0.022,0
58,300,99,1,3,2,6.8,1,-0.04,-0.062,-0.024,-0.002,-0.021,-0.121,0.006,0
59,311,104,2,2,2,8.3,0,-0.033,-0.055,-0.023,-0.006,-0.029,-0.085,-0.032,0.002
60,309,100,2,3,3,8.1,0,-0.033,-0.073,-0.021,-0.003,-0.012,-0.093,-0.029,0.001
61,307,101,3,4,3,8.2,0,-0.039,-0.078,-0.008,0.001,-0.013,-0.092,-0.033,0.002
62,304,105,2,3,3,8.2,1,-0.054,-0.056,-0.027,-0.003,-0.016,-0.11,0.008,0.006
63,315,107,2,4,3,8.5,1,-0.035,-0.046,-0.04,0.002,-0.024,-0.092,0.016,0.046
64,325,111,3,3,3.5,8.7,0,0.023,0.02,-0.012,-0.005,-0.01,-0.036,-0.077,0.167
65,325,112,4,3.5,3.5,8.92,0,0.052,0.076,0.036,0.002,-0.003,0.078,-0.085,0.42
66,327,114,3,3,3,9.02,0,0.075,0.129,-0.007,-0.004,-0.03,0.122,-0.083,0.467
67,316,107,2,3.5,3.5,8.64,1,-0.034,-0.051,-0.045,-0.001,-0.012,-0.059,0.022,0.085
68,318,109,3,3.5,4,9.22,1,0.007,0.036,-0.004,0.004,0.029,0.214,0.069,0.617
69,328,115,4,4.5,4,9.16,1,0.086,0.188,0.043,0.014,0.028,0.24,0.07,0.934
70,332,118,5,5,5,9.64,1,0.089,0.161,0.066,0.014,0.045,0.308,0.05,0.997
71,336,112,5,5,5,9.76,1,0.104,0.081,0.069,0.015,0.048,0.38,0.033,0.995
72,321,111,5,5,5,9.45,1,0.04,0.102,0.071,0.019,0.068,0.338,0.055,0.957
73,314,108,4,4.5,4,9.04,1,-0.036,-0.007,0.04,0.016,0.025,0.127,0.058,0.487
74,314,106,3,3,5,8.9,0,-0.044,-0.069,-0.015,-0.004,0.041,0.005,-0.07,0.108
75,329,114,2,2,4,8.56,1,0.08,0.118,-0.056,-0.017,0.023,-0.039,0.057,0.429
76,327,112,3,3,3,8.72,1,0.066,0.078,-0.009,-0.004,-0.032,0.011,0.055,0.428
77,301,99,2,3,2,8.22,0,-0.045,-0.072,-0.019,-0.002,-0.024,-0.074,-0.027,0
78,296,95,2,3,2,7.54,1,-0.048,-0.081,-0.017,-0.002,-0.02,-0.1,0.005,0
79,294,93,1,1.5,2,7.36,0,-0.044,-0.074,-0.021,-0.005,-0.017,-0.084,-0.02,0
80,312,105,3,2,3,8.02,1,-0.035,-0.052,-0.012,-0.008,-0.016,-0.144,0.009,0.007
81,340,120,4,5,5,9.5,1,0.101,0.216,0.028,0.011,0.046,0.295,0.037,0.997
82,320,110,5,5,4.5,9.22,1,0.035,0.074,0.094,0.022,0.055,0.262,0.068,0.874
83,322,115,5,4,4.5,9.36,1,0.047,0.17,0.075,0.009,0.046,0.307,0.05,0.967
84,340,115,5,4.5,4.5,9.45,1,0.128,0.147,0.057,0.009,0.044,0.287,0.056,0.993
85,319,103,4,4.5,3.5,8.66,0,-0.017,-0.103,0.008,0.005,-0.01,-0.05,-0.058,0.039
86,315,106,3,4.5,3.5,8.42,0,-0.029,-0.053,-0.011,0.004,-0.009,-0.1,-0.047,0.019
87,317,107,2,3.5,3,8.28,0,-0.021,-0.041,-0.025,-0.001,-0.017,-0.108,-0.041,0.009
88,314,108,3,4.5,3.5,8.14,0,-0.029,-0.032,-0.01,0.003,-0.008,-0.137,-0.04,0.011
89,316,109,4,4.5,3.5,8.76,1,-0.029,-0.006,0.036,0.014,-0.008,0,0.046,0.317
90,318,106,2,4,4,7.92,1,-0.014,-0.046,-0.03,0.002,0.002,-0.175,0.011,0.013
91,299,97,3,5,3.5,7.66,0,-0.045,-0.078,-0.007,0.003,-0.005,-0.108,-0.024,0
92,298,98,2,4,3,8.03,0,-0.047,-0.076,-0.02,0,-0.012,-0.085,-0.026,0
93,301,97,2,3,3,7.88,1,-0.046,-0.086,-0.019,-0.002,-0.012,-0.104,0.006,0
94,303,99,3,2,2.5,7.66,0,-0.037,-0.07,-0.009,-0.005,-0.017,-0.103,-0.024,0
95,304,100,4,1.5,2.5,7.84,0,-0.04,-0.069,0.003,-0.007,-0.019,-0.105,-0.027,0
96,306,100,2,3,3,8,0,-0.037,-0.07,-0.021,-0.002,-0.012,-0.094,-0.027,0
97,331,120,3,4,4,8.96,1,0.101,0.307,0.006,0.008,0.027,0.169,0.062,0.944
98,332,119,4,5,4.5,9.24,1,0.099,0.225,0.041,0.014,0.038,0.239,0.066,0.986
99,323,113,3,4,4,8.88,1,0.052,0.133,-0.002,0.011,0.028,0.098,0.073,0.657
100,322,107,3,3.5,3.5,8.46,1,-0.003,-0.05,-0.015,0,-0.01,-0.106,0.025,0.106
101,312,105,2,2.5,3,8.12,0,-0.03,-0.047,-0.024,-0.004,-0.015,-0.109,-0.032,0.002
102,314,106,2,4,3.5,8.25,0,-0.029,-0.049,-0.029,0.001,-0.007,-0.107,-0.037,0.007
103,317,104,2,4.5,4,8.47,0,-0.022,-0.079,-0.031,0.004,0.002,-0.078,-0.045,0.014
104,326,112,3,3.5,3,9.05,1,0.073,0.116,-0.002,0.004,-0.027,0.17,0.067,0.664
105,316,110,3,4,4.5,8.78,1,-0.028,0.025,-0.011,0.008,0.045,0.02,0.052,0.376
106,329,111,4,4.5,4.5,9.18,1,0.108,0.096,0.047,0.016,0.053,0.25,0.066,0.9
107,338,117,4,3.5,4.5,9.46,1,0.135,0.166,0.029,0.003,0.033,0.318,0.042,0.991
108,331,116,5,5,5,9.38,1,0.09,0.163,0.073,0.015,0.048,0.293,0.043,0.99
109,304,103,5,5,4,8.64,0,-0.077,-0.091,0.027,0.007,0.001,-0.056,-0.05,0.026
110,305,108,5,3,3,8.48,0,-0.071,-0.031,0.026,-0.004,-0.02,-0.09,-0.049,0.025
111,321,109,4,4,4,8.68,1,0.014,0,0.036,0.008,0.019,-0.016,0.051,0.376
112,301,107,3,3.5,3.5,8.34,1,-0.082,-0.046,-0.013,-0.001,-0.008,-0.108,0.012,0.019
113,320,110,2,4,3.5,8.56,0,-0.014,-0.007,-0.041,0.003,-0.008,-0.083,-0.058,0.055
114,311,105,3,3.5,3,8.45,1,-0.049,-0.072,-0.013,-0.001,-0.022,-0.092,0.013,0.029
115,310,106,4,4.5,4.5,9.04,1,-0.074,-0.062,0.036,0.015,0.043,0.098,0.056,0.376
116,299,102,3,4,3.5,8.62,0,-0.066,-0.08,-0.012,0.001,-0.008,-0.057,-0.037,0.005
117,290,104,4,2,2.5,7.46,0,-0.063,-0.042,0.003,-0.005,-0.018,-0.113,-0.026,0
118,296,99,2,3,3.5,7.28,0,-0.045,-0.068,-0.017,-0.002,-0.006,-0.104,-0.022,0
119,327,104,5,3,3.5,8.84,1,0.062,-0.113,0.074,-0.004,-0.005,0.036,0.051,0.364
120,335,117,5,5,5,9.56,1,0.08,0.152,0.071,0.014,0.057,0.311,0.047,0.996
121,334,119,5,4.5,4.5,9.48,1,0.11,0.195,0.061,0.01,0.036,0.263,0.057,0.995
122,310,106,4,1.5,2.5,8.36,0,-0.041,-0.046,0.004,-0.009,-0.027,-0.098,-0.039,0.008
123,308,108,3,3.5,3.5,8.22,0,-0.047,-0.032,-0.011,-0.001,-0.008,-0.119,-0.037,0.009
124,301,106,4,2.5,3,8.47,0,-0.068,-0.053,0.003,-0.006,-0.017,-0.078,-0.037,0.008
125,300,100,3,2,3,8.66,1,-0.071,-0.101,-0.014,-0.008,-0.018,-0.053,0.009,0.008
126,323,113,3,4,3,9.32,1,0.053,0.149,0.003,0.01,-0.02,0.294,0.071,0.823
127,319,112,3,2.5,2,8.71,1,-0.009,0.046,-0.013,-0.01,-0.08,-0.027,0.036,0.207
128,326,112,3,3.5,3,9.1,1,0.083,0.111,-0.001,0.004,-0.025,0.185,0.075,0.696
129,333,118,5,5,5,9.35,1,0.107,0.206,0.057,0.013,0.054,0.254,0.038,0.993
130,339,114,5,4,4.5,9.76,1,0.145,0.098,0.066,0.007,0.025,0.34,0.051,0.996
131,303,105,5,5,4.5,8.65,0,-0.094,-0.074,0.032,0.009,0.016,-0.052,-0.056,0.045
132,309,105,5,3.5,3.5,8.56,0,-0.053,-0.07,0.027,-0.001,-0.008,-0.08,-0.049,0.029
133,323,112,5,4,4.5,8.78,0,0.036,0.094,0.084,0.009,0.05,0.039,-0.082,0.494
134,333,113,5,4,4,9.28,1,0.123,0.125,0.075,0.009,0.022,0.29,0.055,0.963
135,314,109,4,3.5,4,8.77,1,-0.046,-0.003,0.034,0.002,0.019,0.004,0.044,0.318
136,312,103,3,5,4,8.45,0,-0.039,-0.082,-0.011,0.006,0.001,-0.086,-0.041,0.012
137,316,100,2,1.5,3,8.16,1,-0.022,-0.087,-0.025,-0.009,-0.014,-0.11,0.008,0.004
138,326,116,2,4.5,3,9.08,1,0.079,0.225,-0.044,0.016,-0.023,0.196,0.072,0.785
139,318,109,1,3.5,3.5,9.12,0,-0.018,-0.015,-0.088,0,-0.01,0.068,-0.075,0.127
140,329,110,2,4,3,9.15,1,0.101,0.061,-0.052,0.01,-0.027,0.181,0.075,0.613
141,332,118,2,4.5,3.5,9.36,1,0.113,0.239,-0.027,0.014,0.006,0.291,0.059,0.959
142,331,115,5,4,3.5,9.44,1,0.104,0.168,0.069,0.009,0.007,0.305,0.053,0.978
143,340,120,4,4.5,4,9.92,1,0.094,0.14,0.031,0.009,0.018,0.401,0.041,0.999
144,325,112,2,3,3.5,8.96,1,0.061,0.097,-0.055,-0.004,-0.001,0.103,0.068,0.533
145,320,113,2,2,2.5,8.64,1,-0.003,0.056,-0.052,-0.015,-0.053,-0.051,0.037,0.183
146,315,105,3,2,2.5,8.48,0,-0.03,-0.062,-0.014,-0.009,-0.029,-0.071,-0.04,0.009
147,326,114,3,3,3,9.11,1,0.08,0.168,0.001,-0.002,-0.023,0.21,0.071,0.769
148,339,116,4,4,3.5,9.8,1,0.12,0.131,0.025,0.005,0.006,0.401,0.042,0.995
149,311,106,2,3.5,3,8.26,1,-0.042,-0.051,-0.03,-0.001,-0.018,-0.118,0.011,0.014
150,334,114,4,4,4,9.43,1,0.12,0.148,0.038,0.008,0.023,0.319,0.055,0.974
151,332,116,5,5,5,9.28,1,0.11,0.16,0.069,0.019,0.058,0.254,0.053,0.987
152,321,112,5,5,5,9.06,1,0.042,0.122,0.091,0.022,0.079,0.204,0.071,0.894
153,324,105,3,3,4,8.75,0,0.008,-0.082,-0.017,-0.004,0.006,-0.037,-0.063,0.075
154,326,108,3,3,3.5,8.89,0,0.032,-0.034,-0.013,-0.005,-0.01,0.017,-0.078,0.172
155,312,109,3,3,3,8.69,0,-0.049,-0.022,-0.014,-0.004,-0.023,-0.054,-0.057,0.042
156,315,105,3,2,2.5,8.34,0,-0.026,-0.058,-0.013,-0.008,-0.026,-0.088,-0.039,0.006
157,309,104,2,2,2.5,8.26,0,-0.035,-0.055,-0.023,-0.007,-0.022,-0.088,-0.034,0.002
158,306,106,2,2,2.5,8.14,0,-0.043,-0.04,-0.022,-0.006,-0.021,-0.099,-0.032,0.002
159,297,100,1,1.5,2,7.9,0,-0.047,-0.055,-0.026,-0.006,-0.022,-0.084,-0.025,0
160,315,103,1,1.5,2,7.86,0,-0.02,-0.051,-0.031,-0.007,-0.025,-0.103,-0.027,0
161,298,99,1,1.5,3,7.46,0,-0.044,-0.057,-0.023,-0.006,-0.01,-0.101,-0.024,0
162,318,109,3,3,3,8.5,0,-0.022,-0.024,-0.013,-0.004,-0.022,-0.088,-0.056,0.036
163,317,105,3,3.5,3,8.56,0,-0.026,-0.065,-0.015,-0.001,-0.021,-0.068,-0.049,0.019
164,329,111,4,4.5,4,9.01,1,0.11,0.092,0.049,0.016,0.03,0.178,0.073,0.814
165,322,110,5,4.5,4,8.97,0,0.033,0.04,0.085,0.016,0.026,0.099,-0.084,0.479
166,302,102,3,3.5,5,8.33,0,-0.062,-0.079,-0.01,-0.001,0.017,-0.086,-0.037,0.005
167,313,102,3,2,3,8.27,0,-0.028,-0.075,-0.01,-0.007,-0.014,-0.093,-0.034,0.003
168,293,97,2,2,4,7.8,1,-0.06,-0.082,-0.018,-0.005,0,-0.105,0.005,0
169,311,99,2,2.5,3,7.98,0,-0.028,-0.076,-0.02,-0.004,-0.012,-0.097,-0.027,0
170,312,101,2,2.5,3.5,8.04,1,-0.031,-0.08,-0.022,-0.005,-0.007,-0.125,0.008,0.003
171,334,117,5,4,4.5,9.07,1,0.109,0.216,0.074,0.009,0.041,0.2,0.064,0.976
172,322,110,4,4,5,9.13,1,0.049,0.074,0.048,0.01,0.082,0.224,0.071,0.823
173,323,113,4,4,4.5,9.23,1,0.056,0.147,0.045,0.009,0.053,0.268,0.066,0.908
174,321,111,4,4,4,8.97,1,0.033,0.088,0.046,0.011,0.029,0.138,0.072,0.681
175,320,111,4,4.5,3.5,8.87,1,0.014,0.076,0.041,0.016,-0.002,0.081,0.067,0.557
176,329,119,4,4.5,4.5,9.16,1,0.08,0.255,0.03,0.012,0.04,0.242,0.054,0.976
177,319,110,3,3.5,3.5,9.04,0,-0.008,0.016,-0.012,0.001,-0.008,0.071,-0.082,0.241
178,309,108,3,2.5,3,8.12,0,-0.04,-0.029,-0.01,-0.005,-0.018,-0.121,-0.035,0.005
179,307,102,3,3,3,8.27,0,-0.044,-0.07,-0.01,-0.003,-0.014,-0.088,-0.033,0.002
180,300,104,3,3.5,3,8.16,0,-0.057,-0.053,-0.01,-0.001,-0.015,-0.095,-0.032,0.002
181,305,107,2,2.5,2.5,8.42,0,-0.051,-0.039,-0.023,-0.005,-0.025,-0.078,-0.038,0.004
182,299,100,2,3,3.5,7.88,0,-0.049,-0.066,-0.018,-0.002,-0.006,-0.097,-0.026,0
183,314,110,3,4,4,8.8,0,-0.044,-0.002,-0.015,0.004,0.008,-0.017,-0.072,0.126
184,316,106,2,2.5,4,8.32,0,-0.026,-0.051,-0.028,-0.006,0,-0.1,-0.043,0.01
185,327,113,4,4.5,4.5,9.11,1,0.089,0.144,0.047,0.015,0.052,0.221,0.072,0.905
186,317,107,3,3.5,3,8.68,1,-0.027,-0.055,-0.014,0,-0.028,-0.05,0.027,0.116
187,335,118,5,4.5,3.5,9.44,1,0.091,0.191,0.055,0.01,0.005,0.32,0.054,0.991
188,331,115,5,4.5,3.5,9.36,1,0.097,0.161,0.069,0.012,0.007,0.309,0.054,0.974
189,324,112,5,5,5,9.08,1,0.065,0.124,0.087,0.02,0.076,0.214,0.067,0.917
190,324,111,5,4.5,4,9.16,1,0.064,0.1,0.092,0.015,0.03,0.241,0.07,0.876
191,323,110,5,4,5,8.98,1,0.057,0.07,0.097,0.01,0.084,0.165,0.074,0.822
192,322,114,5,4.5,4,8.94,1,0.048,0.172,0.094,0.016,0.029,0.162,0.069,0.853
193,336,118,5,4.5,5,9.53,1,0.099,0.162,0.052,0.01,0.053,0.308,0.049,0.997
194,316,109,3,3.5,3,8.76,0,-0.032,-0.026,-0.013,0,-0.027,-0.032,-0.065,0.069
195,307,107,2,3,3.5,8.52,1,-0.061,-0.052,-0.04,-0.004,-0.008,-0.081,0.014,0.032
196,306,105,2,3,2.5,8.26,0,-0.046,-0.047,-0.026,-0.003,-0.022,-0.086,-0.032,0.002
197,310,106,2,3.5,2.5,8.33,0,-0.039,-0.041,-0.025,-0.001,-0.024,-0.091,-0.038,0.004
198,311,104,3,4.5,4.5,8.43,0,-0.045,-0.073,-0.012,0.004,0.011,-0.085,-0.049,0.015
199,313,107,3,4,4.5,8.69,0,-0.046,-0.051,-0.015,0.003,0.019,-0.05,-0.061,0.062
200,317,103,3,2.5,3,8.54,1,-0.028,-0.101,-0.014,-0.007,-0.024,-0.072,0.015,0.034
201,315,110,2,3.5,3,8.46,1,-0.033,-0.006,-0.04,-0.001,-0.026,-0.111,0.02,0.069
202,340,120,5,4.5,4.5,9.91,1,0.117,0.145,0.046,0.009,0.03,0.35,0.038,0.999
203,334,120,5,4,5,9.87,1,0.064,0.147,0.045,0.005,0.035,0.408,0.03,0.999
204,298,105,3,3.5,4,8.54,0,-0.077,-0.062,-0.012,-0.001,0,-0.065,-0.038,0.008
205,295,99,2,2.5,3,7.65,0,-0.049,-0.063,-0.016,-0.004,-0.011,-0.096,-0.025,0
206,315,99,2,3.5,3,7.89,0,-0.019,-0.077,-0.021,-0.001,-0.013,-0.105,-0.028,0
207,310,102,3,3.5,4,8.02,1,-0.04,-0.078,-0.01,-0.001,0.001,-0.138,0.009,0.006
208,305,106,2,3,3,8.16,0,-0.048,-0.04,-0.023,-0.003,-0.015,-0.1,-0.033,0.002
209,301,104,3,3.5,4,8.12,1,-0.065,-0.06,-0.013,-0.001,0.001,-0.128,0.009,0.007
210,325,108,4,4.5,4,9.06,1,0.068,0.011,0.049,0.017,0.03,0.169,0.072,0.68
211,328,110,4,5,4,9.14,1,0.099,0.074,0.048,0.023,0.028,0.231,0.073,0.838
212,338,120,4,5,5,9.66,1,0.103,0.181,0.028,0.015,0.052,0.304,0.052,0.998
213,333,119,5,5,4.5,9.78,1,0.09,0.174,0.05,0.013,0.037,0.319,0.052,0.998
214,331,117,4,4.5,5,9.42,1,0.076,0.193,0.041,0.01,0.051,0.312,0.042,0.989
215,330,116,5,5,4.5,9.36,1,0.093,0.179,0.068,0.013,0.041,0.274,0.053,0.986
216,322,112,4,4.5,4.5,9.26,1,0.047,0.122,0.046,0.015,0.052,0.281,0.068,0.896
217,321,109,4,4,4,9.13,1,0.035,0.039,0.05,0.011,0.028,0.2,0.071,0.698
218,324,110,4,3,3.5,8.97,1,0.056,0.048,0.048,-0.003,-0.001,0.133,0.065,0.609
219,312,104,3,3.5,3.5,8.42,0,-0.038,-0.07,-0.012,-0.001,-0.008,-0.084,-0.042,0.009
220,313,103,3,4,4,8.75,0,-0.042,-0.098,-0.014,0.002,0.002,-0.038,-0.049,0.028
221,316,110,3,3.5,4,8.56,0,-0.035,-0.008,-0.015,-0.001,0.005,-0.078,-0.062,0.071
222,324,113,4,4.5,4,8.79,0,0.045,0.094,0.042,0.015,0.024,0.035,-0.085,0.434
223,308,109,2,3,4,8.45,0,-0.059,-0.026,-0.029,-0.004,0.002,-0.086,-0.045,0.017
224,305,105,2,3,2,8.23,0,-0.044,-0.047,-0.023,-0.003,-0.028,-0.087,-0.031,0.001
225,296,99,2,2.5,2.5,8.03,0,-0.048,-0.069,-0.017,-0.004,-0.017,-0.084,-0.024,0
226,306,110,2,3.5,4,8.45,0,-0.063,-0.013,-0.028,-0.001,0.002,-0.097,-0.046,0.019
227,312,110,2,3.5,3,8.53,0,-0.046,-0.01,-0.033,-0.001,-0.02,-0.083,-0.049,0.023
228,318,112,3,4,3.5,8.67,0,-0.018,0.029,-0.013,0.004,-0.009,-0.049,-0.075,0.134
229,324,111,4,3,3,9.01,1,0.055,0.078,0.048,-0.003,-0.028,0.149,0.071,0.634
230,313,104,3,4,4.5,8.65,0,-0.04,-0.088,-0.013,0.002,0.014,-0.057,-0.051,0.031
231,319,106,3,3.5,2.5,8.33,1,-0.018,-0.056,-0.015,-0.001,-0.034,-0.122,0.015,0.034
232,312,107,2,2.5,3.5,8.27,0,-0.032,-0.036,-0.03,-0.005,-0.007,-0.108,-0.039,0.007
233,304,100,2,2.5,3.5,8.07,0,-0.042,-0.071,-0.021,-0.004,-0.007,-0.091,-0.028,0.001
234,330,113,5,5,4,9.31,1,0.084,0.137,0.074,0.017,0.026,0.305,0.058,0.963
235,326,111,5,4.5,4,9.23,1,0.082,0.1,0.09,0.015,0.026,0.268,0.064,0.909
236,325,112,4,4,4.5,9.17,1,0.072,0.123,0.047,0.01,0.054,0.244,0.072,0.885
237,329,114,5,4.5,5,9.19,1,0.084,0.153,0.069,0.013,0.06,0.261,0.064,0.968
238,310,104,3,2,3.5,8.37,0,-0.042,-0.06,-0.013,-0.007,-0.006,-0.094,-0.037,0.006
239,299,100,1,1.5,2,7.89,0,-0.045,-0.057,-0.027,-0.006,-0.021,-0.086,-0.023,0
240,296,101,1,2.5,3,7.68,0,-0.048,-0.056,-0.026,-0.003,-0.011,-0.097,-0.023,0
241,317,103,2,2.5,2,8.15,0,-0.018,-0.059,-0.025,-0.005,-0.03,-0.094,-0.031,0.002
242,324,115,3,3.5,3,8.76,1,0.06,0.167,-0.005,0.003,-0.029,0.04,0.067,0.568
243,325,114,3,3.5,3,9.04,1,0.071,0.17,0,0.004,-0.024,0.169,0.073,0.727
244,314,107,2,2.5,4,8.56,0,-0.037,-0.042,-0.034,-0.007,0.002,-0.079,-0.046,0.022
245,328,110,4,4,2.5,9.02,1,0.091,0.054,0.049,0.01,-0.055,0.148,0.07,0.632
246,316,105,3,3,3.5,8.73,0,-0.03,-0.075,-0.011,-0.004,-0.01,-0.05,-0.049,0.035
247,311,104,2,2.5,3.5,8.48,0,-0.039,-0.067,-0.026,-0.005,-0.008,-0.074,-0.039,0.006
248,324,110,3,3.5,4,8.87,1,0.049,0.04,-0.007,0.003,0.025,0.073,0.062,0.509
249,321,111,3,3.5,4,8.83,1,0.02,0.061,-0.008,0.003,0.024,0.052,0.062,0.478
250,320,104,3,3,2.5,8.57,1,-0.009,-0.093,-0.014,-0.004,-0.037,-0.077,0.016,0.047
251,316,99,2,2.5,3,9,0,-0.024,-0.136,-0.029,-0.006,-0.018,0.01,-0.049,0.013
252,318,100,2,2.5,3.5,8.54,1,-0.02,-0.121,-0.034,-0.006,-0.011,-0.067,0.012,0.017
253,335,115,4,4.5,4.5,9.68,1,0.102,0.097,0.035,0.01,0.041,0.39,0.054,0.993
254,321,114,4,4,5,9.12,0,0.037,0.165,0.046,0.01,0.084,0.211,-0.068,0.749
255,307,110,4,4,4.5,8.37,0,-0.069,-0.011,0.009,0.003,0.016,-0.115,-0.054,0.043
256,309,99,3,4,4,8.56,0,-0.043,-0.104,-0.012,0.001,-0.001,-0.061,-0.04,0.006
257,324,100,3,4,5,8.64,1,0.012,-0.18,-0.012,0.004,0.043,-0.053,0.026,0.104
258,326,102,4,5,5,8.76,1,0.043,-0.158,0.03,0.02,0.064,0.004,0.046,0.313
259,331,119,4,5,4.5,9.34,1,0.078,0.259,0.033,0.014,0.041,0.249,0.05,0.988
260,327,108,5,5,3.5,9.13,1,0.091,0.018,0.095,0.024,0.003,0.217,0.076,0.788
261,312,104,3,3.5,4,8.09,0,-0.034,-0.057,-0.011,-0.001,0,-0.123,-0.035,0.004
262,308,103,2,2.5,4,8.36,1,-0.048,-0.082,-0.032,-0.006,0.001,-0.095,0.01,0.012
263,324,111,3,2.5,1.5,8.79,1,0.028,0.036,-0.013,-0.01,-0.107,-0.004,0.041,0.235
264,325,110,2,3,2.5,8.76,1,0.032,0.007,-0.054,-0.005,-0.055,-0.012,0.038,0.215
265,313,102,3,2.5,2.5,8.68,0,-0.033,-0.087,-0.012,-0.006,-0.028,-0.05,-0.04,0.009
266,312,105,2,2,2.5,8.45,0,-0.031,-0.056,-0.028,-0.007,-0.025,-0.075,-0.036,0.005
267,314,107,3,3,3.5,8.17,1,-0.036,-0.04,-0.012,-0.003,-0.007,-0.153,0.013,0.027
268,327,113,4,4.5,5,9.14,0,0.092,0.143,0.047,0.016,0.083,0.221,-0.063,0.805
269,308,108,4,4.5,5,8.34,0,-0.06,-0.034,0.009,0.005,0.027,-0.121,-0.054,0.037
270,306,105,2,2.5,3,8.22,1,-0.048,-0.058,-0.028,-0.005,-0.016,-0.111,0.009,0.007
271,299,96,2,1.5,2,7.86,0,-0.04,-0.074,-0.016,-0.005,-0.021,-0.085,-0.022,0
272,294,95,1,1.5,1.5,7.64,0,-0.043,-0.062,-0.024,-0.005,-0.024,-0.085,-0.02,0
273,312,99,1,1,1.5,8.01,1,-0.026,-0.077,-0.031,-0.008,-0.031,-0.096,0.006,0
274,315,100,1,2,2.5,7.95,0,-0.019,-0.069,-0.03,-0.005,-0.018,-0.096,-0.027,0
275,322,110,3,3.5,3,8.96,1,0.032,0.036,-0.008,0.002,-0.032,0.086,0.055,0.436
276,329,113,5,5,4.5,9.45,1,0.075,0.119,0.065,0.016,0.046,0.339,0.056,0.979
277,320,101,2,2.5,3,8.62,0,-0.01,-0.1,-0.028,-0.005,-0.019,-0.052,-0.042,0.008
278,308,103,2,3,3.5,8.49,0,-0.041,-0.075,-0.026,-0.003,-0.008,-0.069,-0.036,0.005
279,304,102,2,3,4,8.73,0,-0.065,-0.086,-0.026,-0.003,0,-0.036,-0.04,0.007
280,311,102,3,4.5,4,8.64,1,-0.051,-0.123,-0.015,0.006,0.004,-0.055,0.017,0.047
281,317,110,3,4,4.5,9.11,1,-0.002,0.055,-0.002,0.011,0.061,0.173,0.073,0.633
282,312,106,3,4,3.5,8.79,1,-0.057,-0.074,-0.015,0.004,-0.009,-0.018,0.027,0.122
283,321,111,3,2.5,3,8.9,1,0.019,0.051,-0.01,-0.011,-0.033,0.06,0.058,0.399
284,340,112,4,5,4.5,9.66,1,0.119,0.11,0.036,0.014,0.037,0.363,0.047,0.99
285,331,116,5,4,4,9.26,1,0.1,0.191,0.071,0.009,0.024,0.259,0.057,0.975
286,336,118,5,4.5,4,9.19,1,0.113,0.209,0.061,0.01,0.02,0.252,0.058,0.986
287,324,114,5,5,4.5,9.08,1,0.061,0.168,0.082,0.019,0.051,0.217,0.069,0.93
288,314,104,4,5,5,9.02,0,-0.043,-0.112,0.022,0.015,0.05,0.052,-0.074,0.173
289,313,109,3,4,3.5,9,0,-0.049,-0.016,-0.016,0.005,-0.01,0.036,-0.075,0.139
290,307,105,2,2.5,3,7.65,0,-0.036,-0.042,-0.02,-0.004,-0.013,-0.121,-0.028,0
291,300,102,2,1.5,2,7.87,0,-0.045,-0.052,-0.018,-0.006,-0.022,-0.095,-0.024,0
292,302,99,2,1,2,7.97,0,-0.039,-0.068,-0.019,-0.007,-0.023,-0.083,-0.025,0
293,312,98,1,3.5,3,8.18,1,-0.029,-0.096,-0.034,-0.001,-0.016,-0.094,0.007,0.002
294,316,101,2,2.5,2,8.32,1,-0.022,-0.087,-0.029,-0.005,-0.033,-0.091,0.008,0.005
295,317,100,2,3,2.5,8.57,0,-0.021,-0.096,-0.026,-0.003,-0.024,-0.055,-0.037,0.004
296,310,107,3,3.5,3.5,8.67,0,-0.054,-0.046,-0.014,-0.001,-0.011,-0.057,-0.051,0.03
297,320,120,3,4,4.5,9.11,0,0.028,0.325,0.001,0.009,0.052,0.212,-0.059,0.832
298,330,114,3,4.5,4.5,9.24,1,0.109,0.165,0.005,0.014,0.045,0.271,0.062,0.935
299,305,112,3,3,3.5,8.65,0,-0.082,0.016,-0.015,-0.005,-0.01,-0.058,-0.059,0.051
300,309,106,2,2.5,2.5,8,0,-0.035,-0.038,-0.022,-0.004,-0.02,-0.111,-0.031,0.001
301,319,108,2,2.5,3,8.76,0,-0.018,-0.035,-0.043,-0.007,-0.027,-0.029,-0.061,0.044
302,322,105,2,3,3,8.45,1,-0.004,-0.069,-0.034,-0.004,-0.025,-0.104,0.015,0.039
303,323,107,3,3.5,3.5,8.55,1,0.01,-0.055,-0.015,0,-0.01,-0.081,0.028,0.142
304,313,106,2,2.5,2,8.43,0,-0.03,-0.047,-0.029,-0.005,-0.035,-0.076,-0.037,0.005
305,321,109,3,3.5,3.5,8.8,1,0.01,-0.005,-0.012,0.001,-0.007,0.013,0.049,0.312
306,323,110,3,4,3.5,9.1,1,0.053,0.058,-0.003,0.01,0.001,0.164,0.073,0.621
307,325,112,4,4,4,9,1,0.071,0.119,0.047,0.01,0.031,0.172,0.074,0.789
308,312,108,3,3.5,3,8.53,0,-0.041,-0.034,-0.014,-0.001,-0.021,-0.085,-0.045,0.023
309,308,110,4,3.5,3,8.6,0,-0.068,-0.013,0.01,0,-0.023,-0.068,-0.056,0.045
310,320,104,3,3,3.5,8.74,1,-0.008,-0.108,-0.015,-0.004,-0.01,-0.033,0.026,0.111
311,328,108,4,4.5,4,9.18,1,0.1,0.021,0.048,0.017,0.03,0.237,0.072,0.789
312,311,107,4,4.5,4.5,9,1,-0.064,-0.041,0.037,0.015,0.049,0.095,0.055,0.411
313,301,100,3,3.5,3,8.04,0,-0.048,-0.071,-0.01,-0.001,-0.013,-0.093,-0.028,0.001
314,305,105,2,3,4,8.13,0,-0.046,-0.051,-0.023,-0.003,0,-0.107,-0.032,0.002
315,308,104,2,2.5,3,8.07,0,-0.036,-0.053,-0.022,-0.004,-0.014,-0.104,-0.031,0.001
316,298,101,2,1.5,2,7.86,0,-0.046,-0.057,-0.019,-0.006,-0.022,-0.09,-0.024,0
317,300,99,1,1,2.5,8.01,0,-0.043,-0.063,-0.028,-0.008,-0.017,-0.079,-0.025,0
318,324,111,3,2.5,2,8.8,1,0.029,0.042,-0.013,-0.01,-0.084,0.013,0.042,0.282
319,327,113,4,3.5,3,8.69,1,0.078,0.116,0.043,0.003,-0.03,0.018,0.069,0.561
320,317,106,3,4,3.5,8.5,1,-0.025,-0.066,-0.015,0.003,-0.01,-0.095,0.02,0.076
321,323,104,3,4,4,8.44,1,0.003,-0.098,-0.014,0.003,0.004,-0.105,0.021,0.079
322,314,107,2,2.5,4,8.27,0,-0.03,-0.037,-0.029,-0.006,0.001,-0.11,-0.044,0.009
323,305,102,2,2,2.5,8.18,0,-0.04,-0.063,-0.021,-0.005,-0.02,-0.086,-0.029,0.001
324,315,104,3,3,2.5,8.33,0,-0.023,-0.064,-0.011,-0.003,-0.027,-0.094,-0.037,0.005
325,326,116,3,3.5,4,9.14,1,0.077,0.223,0.004,0.004,0.027,0.232,0.067,0.898
326,299,100,3,2,2,8.02,0,-0.047,-0.065,-0.009,-0.005,-0.024,-0.087,-0.026,0
327,295,101,2,2.5,2,7.86,0,-0.048,-0.058,-0.017,-0.004,-0.022,-0.092,-0.024,0
328,324,112,4,4,3.5,8.77,1,0.058,0.105,0.044,0.01,-0.002,0.044,0.063,0.586
329,297,96,2,2.5,1.5,7.89,0,-0.045,-0.071,-0.016,-0.003,-0.027,-0.079,-0.023,0
330,327,113,3,3.5,3,8.66,1,0.071,0.103,-0.01,0.002,-0.032,-0.009,0.056,0.445
331,311,105,2,3,2,8.12,1,-0.034,-0.05,-0.026,-0.003,-0.032,-0.122,0.008,0.005
332,308,106,3,3.5,2.5,8.21,1,-0.047,-0.056,-0.009,-0.001,-0.029,-0.121,0.01,0.011
333,319,108,3,3,3.5,8.54,1,-0.015,-0.033,-0.016,-0.004,-0.009,-0.09,0.027,0.124
334,312,107,4,4.5,4,8.65,1,-0.055,-0.055,0.019,0.01,0.012,-0.052,0.033,0.175
335,325,111,4,4,4.5,9.11,1,0.073,0.098,0.05,0.01,0.057,0.215,0.073,0.841
336,319,110,3,3,2.5,8.79,0,-0.018,-0.007,-0.012,-0.004,-0.046,-0.022,-0.069,0.085
337,332,118,5,5,5,9.47,1,0.092,0.186,0.061,0.016,0.051,0.288,0.038,0.995
338,323,108,5,4,4,8.74,1,0.037,-0.011,0.085,0.009,0.022,0.028,0.062,0.496
339,324,107,5,3.5,4,8.66,1,0.04,-0.037,0.076,0.002,0.022,-0.024,0.051,0.393
340,312,107,3,3,3,8.46,1,-0.046,-0.051,-0.015,-0.004,-0.023,-0.098,0.016,0.044
341,326,110,3,3.5,3.5,8.76,1,0.052,0.03,-0.01,0.002,-0.005,0.016,0.059,0.409
342,308,106,3,3,3,8.24,0,-0.045,-0.045,-0.012,-0.004,-0.017,-0.098,-0.039,0.005
343,305,103,2,2.5,3.5,8.13,0,-0.042,-0.061,-0.023,-0.004,-0.007,-0.095,-0.03,0.001
344,295,96,2,1.5,2,7.34,0,-0.045,-0.072,-0.014,-0.005,-0.018,-0.088,-0.022,0
345,316,98,1,1.5,2,7.43,0,-0.015,-0.071,-0.024,-0.006,-0.02,-0.107,-0.022,0
346,304,97,2,1.5,2,7.64,0,-0.033,-0.071,-0.016,-0.006,-0.019,-0.096,-0.023,0
347,299,94,1,1,1,7.34,0,-0.029,-0.065,-0.021,-0.005,-0.022,-0.102,-0.02,0
348,302,99,1,2,2,7.25,0,-0.036,-0.063,-0.023,-0.005,-0.019,-0.099,-0.02,0
349,313,101,3,2.5,3,8.04,0,-0.024,-0.074,-0.009,-0.004,-0.015,-0.106,-0.031,0.001
350,318,107,3,3,3.5,8.27,1,-0.019,-0.046,-0.014,-0.004,-0.007,-0.144,0.016,0.046
351,325,110,4,3.5,4,8.67,1,0.049,0.034,0.042,0.002,0.023,-0.01,0.067,0.471
352,303,100,2,3,3.5,8.06,1,-0.049,-0.083,-0.022,-0.003,-0.007,-0.107,0.007,0.002
353,300,102,3,3.5,2.5,8.17,0,-0.052,-0.062,-0.011,-0.001,-0.021,-0.088,-0.029,0.001
354,297,98,2,2.5,3,7.67,0,-0.048,-0.065,-0.017,-0.003,-0.011,-0.097,-0.023,0
355,317,106,2,2,3.5,8.12,0,-0.022,-0.043,-0.025,-0.007,-0.007,-0.119,-0.037,0.005
356,327,109,3,3.5,4,8.77,1,0.066,0.013,-0.008,0.002,0.024,0.021,0.055,0.436
357,301,104,2,3.5,3.5,7.89,1,-0.055,-0.052,-0.021,-0.001,-0.008,-0.132,0.007,0.002
358,314,105,2,2.5,2,7.64,0,-0.022,-0.042,-0.02,-0.004,-0.026,-0.122,-0.028,0
359,321,107,2,2,1.5,8.44,0,-0.008,-0.041,-0.027,-0.008,-0.049,-0.082,-0.042,0.008
360,322,110,3,4,5,8.64,1,0.026,0.025,-0.007,0.009,0.074,-0.021,0.055,0.424
361,334,116,4,4,3.5,9.54,1,0.091,0.185,0.035,0.007,0.005,0.35,0.048,0.984
362,338,115,5,4.5,5,9.23,1,0.129,0.169,0.077,0.012,0.048,0.23,0.057,0.987
363,306,103,2,2.5,3,8.36,0,-0.047,-0.062,-0.025,-0.005,-0.015,-0.075,-0.033,0.002
364,313,102,3,3.5,4,8.9,1,-0.046,-0.143,-0.017,0,0.008,0.008,0.025,0.099
365,330,114,4,4.5,3,9.17,1,0.111,0.168,0.044,0.015,-0.015,0.245,0.067,0.899
366,320,104,3,3.5,4.5,8.34,1,-0.011,-0.094,-0.015,0,0.018,-0.122,0.018,0.057
367,311,98,1,1,2.5,7.46,0,-0.022,-0.07,-0.024,-0.007,-0.015,-0.103,-0.022,0
368,298,92,1,2,2,7.88,0,-0.04,-0.084,-0.024,-0.004,-0.019,-0.073,-0.02,0
369,301,98,1,2,3,8.03,1,-0.048,-0.081,-0.03,-0.005,-0.013,-0.093,0.006,0
370,310,103,2,2.5,2.5,8.24,0,-0.034,-0.064,-0.023,-0.004,-0.021,-0.087,-0.03,0.002
371,324,110,3,3.5,3,9.22,1,0.061,0.063,-0.002,0.003,-0.027,0.228,0.067,0.658
372,336,119,4,4.5,4,9.62,1,0.099,0.194,0.028,0.01,0.021,0.332,0.047,0.995
373,321,109,3,3,3,8.54,1,-0.002,-0.019,-0.015,-0.005,-0.029,-0.083,0.027,0.138
374,315,105,2,2,2.5,7.65,0,-0.021,-0.042,-0.021,-0.005,-0.02,-0.126,-0.029,0.001
375,304,101,2,2,2.5,7.66,0,-0.037,-0.058,-0.019,-0.005,-0.017,-0.102,-0.026,0
376,297,96,2,2.5,2,7.43,0,-0.043,-0.072,-0.015,-0.003,-0.021,-0.091,-0.019,0
377,290,100,1,1.5,2,7.56,0,-0.053,-0.053,-0.024,-0.006,-0.022,-0.082,-0.024,0
378,303,98,1,2,2.5,7.65,0,-0.032,-0.064,-0.027,-0.004,-0.015,-0.098,-0.023,0
379,311,99,1,2.5,3,8.43,1,-0.034,-0.104,-0.037,-0.005,-0.017,-0.071,0.008,0.004
380,322,104,3,3.5,4,8.84,1,0.009,-0.115,-0.014,0.001,0.014,0.004,0.038,0.201
381,319,105,3,3,3.5,8.67,1,-0.013,-0.089,-0.014,-0.004,-0.008,-0.056,0.024,0.103
382,324,110,4,4.5,4,9.15,1,0.065,0.068,0.047,0.017,0.03,0.228,0.075,0.795
383,300,100,3,3,3.5,8.26,0,-0.055,-0.078,-0.01,-0.002,-0.006,-0.082,-0.03,0.001
384,340,113,4,5,5,9.74,1,0.11,0.103,0.023,0.013,0.045,0.388,0.049,0.995
385,335,117,5,5,5,9.82,1,0.088,0.14,0.048,0.015,0.049,0.351,0.043,0.998
386,302,101,2,2.5,3.5,7.96,0,-0.044,-0.065,-0.019,-0.004,-0.007,-0.098,-0.028,0
387,307,105,2,2,3.5,8.1,0,-0.041,-0.048,-0.022,-0.006,-0.008,-0.103,-0.034,0.002
388,296,97,2,1.5,2,7.8,0,-0.043,-0.069,-0.015,-0.006,-0.022,-0.086,-0.024,0
389,320,108,3,3.5,4,8.44,1,-0.011,-0.036,-0.012,0,0.009,-0.113,0.026,0.128
390,314,102,2,2,2.5,8.24,0,-0.025,-0.067,-0.024,-0.006,-0.021,-0.088,-0.031,0.002
391,318,106,3,2,3,8.65,0,-0.02,-0.06,-0.013,-0.01,-0.024,-0.054,-0.055,0.028
392,326,112,4,4,3.5,9.12,1,0.084,0.121,0.047,0.011,0.005,0.217,0.073,0.822
393,317,104,2,3,3,8.76,0,-0.025,-0.075,-0.033,-0.004,-0.023,-0.037,-0.049,0.019
394,329,111,4,4.5,4,9.23,1,0.105,0.096,0.042,0.015,0.03,0.267,0.074,0.894
395,324,110,3,3.5,3.5,9.04,1,0.055,0.051,-0.004,0.003,-0.001,0.143,0.07,0.582
396,325,107,3,3,3.5,9.11,1,0.057,-0.031,-0.006,-0.004,-0.003,0.148,0.064,0.49
397,330,116,4,5,4.5,9.45,1,0.088,0.186,0.033,0.014,0.039,0.308,0.053,0.984
398,312,103,3,3.5,4,8.78,0,-0.042,-0.098,-0.014,-0.001,0.002,-0.031,-0.054,0.027
399,333,117,4,5,4,9.66,1,0.095,0.157,0.03,0.012,0.018,0.375,0.041,0.993
400,304,100,2,3.5,3,8.22,0,-0.044,-0.073,-0.021,-0.001,-0.015,-0.081,-0.029,0.001
401,315,105,2,3,3,8.34,0,-0.025,-0.052,-0.028,-0.003,-0.016,-0.094,-0.04,0.006
402,324,109,3,3.5,3,8.94,1,0.043,0.008,-0.01,0.003,-0.032,0.073,0.056,0.406
403,330,116,4,4,3.5,9.23,1,0.1,0.206,0.039,0.007,0.006,0.265,0.061,0.949
404,311,101,3,2,2.5,7.64,1,-0.029,-0.07,-0.009,-0.006,-0.019,-0.137,0.006,0.001
405,302,99,3,2.5,3,7.45,0,-0.041,-0.066,-0.008,-0.004,-0.011,-0.112,-0.023,0
406,322,103,4,3,2.5,8.02,1,-0.006,-0.08,0.006,-0.003,-0.03,-0.15,0.011,0.013
407,298,100,3,2.5,4,7.95,1,-0.062,-0.082,-0.009,-0.005,0,-0.112,0.007,0.001
408,297,101,3,2,4,7.67,1,-0.056,-0.067,-0.01,-0.006,0.001,-0.132,0.006,0.001
409,300,98,1,2,2.5,8.02,0,-0.043,-0.069,-0.027,-0.005,-0.017,-0.078,-0.025,0
410,301,96,1,3,4,7.56,0,-0.034,-0.078,-0.023,-0.002,0,-0.107,-0.02,0
411,313,94,2,2.5,1.5,8.13,0,-0.022,-0.091,-0.018,-0.003,-0.028,-0.076,-0.025,0
412,314,102,4,2.5,2,7.88,1,-0.027,-0.074,0.002,-0.005,-0.03,-0.137,0.008,0.003
413,317,101,3,3,2,7.94,1,-0.02,-0.078,-0.011,-0.003,-0.033,-0.126,0.008,0.003
414,321,110,4,3.5,4,8.35,1,0,0.007,0.022,0.001,0.012,-0.135,0.036,0.207
415,327,106,4,4,4.5,8.75,1,0.065,-0.062,0.037,0.009,0.046,0.019,0.056,0.432
416,315,104,3,4,2.5,8.1,0,-0.025,-0.059,-0.01,0.001,-0.024,-0.11,-0.035,0.003
417,316,103,3,3.5,2,7.68,0,-0.018,-0.055,-0.009,-0.001,-0.026,-0.126,-0.028,0.001
418,309,111,2,2.5,4,8.03,0,-0.044,-0.002,-0.025,-0.005,0.001,-0.147,-0.036,0.007
419,308,102,2,2,3.5,7.98,1,-0.041,-0.071,-0.023,-0.006,-0.007,-0.12,0.007,0.002
420,299,100,3,2,3,7.42,0,-0.043,-0.062,-0.008,-0.005,-0.012,-0.11,-0.024,0
421,321,112,3,3,4.5,8.95,1,0.03,0.113,-0.004,-0.003,0.058,0.126,0.069,0.653
422,322,112,4,3.5,2.5,9.02,1,0.04,0.107,0.045,0.003,-0.055,0.146,0.068,0.618
423,334,119,5,4.5,5,9.54,1,0.091,0.188,0.062,0.009,0.05,0.286,0.047,0.997
424,325,114,5,4,5,9.46,1,0.064,0.133,0.065,0.008,0.058,0.333,0.055,0.98
425,323,111,5,4,5,9.86,1,0.033,0.059,0.05,0.005,0.059,0.477,0.04,0.987
426,312,106,3,3,5,8.57,0,-0.046,-0.066,-0.014,-0.004,0.027,-0.071,-0.052,0.038
427,310,101,3,3.5,5,8.65,1,-0.054,-0.144,-0.014,-0.001,0.031,-0.051,0.018,0.051
428,316,103,2,2,4.5,8.74,0,-0.028,-0.097,-0.033,-0.009,0.013,-0.038,-0.049,0.023
429,340,115,5,5,4.5,9.06,1,0.155,0.161,0.07,0.017,0.043,0.211,0.057,0.978
430,311,104,3,4,3.5,8.13,1,-0.04,-0.065,-0.012,0.001,-0.007,-0.139,0.01,0.012
431,320,112,2,3.5,3.5,8.78,1,0.005,0.06,-0.056,0.001,-0.007,0.01,0.056,0.333
432,324,112,4,4.5,4,9.22,1,0.064,0.119,0.047,0.015,0.03,0.265,0.073,0.877
433,316,111,4,4,5,8.54,0,-0.029,0.017,0.022,0.005,0.048,-0.08,-0.075,0.172
434,306,103,3,3.5,3,8.21,0,-0.046,-0.064,-0.009,-0.001,-0.014,-0.094,-0.034,0.002
435,309,105,2,2.5,4,7.68,0,-0.033,-0.044,-0.021,-0.004,0,-0.131,-0.03,0.001
436,310,110,1,1.5,4,7.23,1,-0.032,-0.006,-0.036,-0.007,0.002,-0.193,0.01,0.001
437,317,106,1,1.5,3.5,7.65,1,-0.017,-0.039,-0.036,-0.009,-0.007,-0.162,0.008,0.002
438,318,110,1,2.5,3.5,8.54,1,-0.019,-0.008,-0.074,-0.008,-0.01,-0.085,0.022,0.081
439,312,105,2,1.5,3,8.46,0,-0.034,-0.063,-0.027,-0.01,-0.017,-0.07,-0.038,0.006
440,305,104,2,2.5,1.5,7.79,0,-0.038,-0.046,-0.018,-0.004,-0.03,-0.102,-0.026,0
441,332,112,1,1.5,3,8.66,1,0.084,0.051,-0.101,-0.022,-0.031,-0.03,0.047,0.262
442,331,116,4,4.5,4.5,9.44,1,0.085,0.161,0.033,0.012,0.036,0.333,0.059,0.984
443,321,114,5,4.5,4.5,9.16,1,0.038,0.164,0.086,0.014,0.05,0.243,0.07,0.929
444,324,113,5,4,5,9.25,1,0.058,0.145,0.077,0.008,0.07,0.267,0.064,0.953
445,328,116,5,4.5,5,9.08,1,0.086,0.221,0.074,0.012,0.065,0.194,0.051,0.968
446,327,118,4,5,5,9.67,1,0.056,0.175,0.032,0.011,0.049,0.352,0.056,0.994
447,320,108,3,3.5,5,8.97,1,0.019,-0.012,-0.006,0.003,0.084,0.105,0.067,0.524
448,312,109,2,2.5,4,9.02,0,-0.055,-0.02,-0.05,-0.009,0.007,0.037,-0.07,0.105
449,315,101,3,3.5,4.5,9.13,0,-0.034,-0.155,-0.011,0,0.023,0.054,-0.066,0.075
450,320,112,4,3,4.5,8.86,1,0.027,0.107,0.045,-0.003,0.057,0.097,0.069,0.662
451,324,113,4,4.5,4.5,9.25,1,0.061,0.142,0.045,0.015,0.05,0.275,0.068,0.922
452,328,116,4,5,3.5,9.6,1,0.073,0.158,0.029,0.015,0.007,0.389,0.046,0.982
453,319,103,3,2.5,4,8.76,1,-0.014,-0.128,-0.015,-0.009,0.008,-0.025,0.025,0.107
454,310,105,2,3,3.5,8.01,0,-0.036,-0.048,-0.024,-0.003,-0.008,-0.112,-0.033,0.002
455,305,102,2,1.5,2.5,7.64,0,-0.035,-0.055,-0.019,-0.006,-0.018,-0.107,-0.025,0
456,299,100,2,2,2,7.88,0,-0.045,-0.063,-0.018,-0.005,-0.022,-0.085,-0.025,0
457,295,99,1,2,1.5,7.57,0,-0.044,-0.057,-0.024,-0.005,-0.023,-0.091,-0.021,0
458,312,100,1,3,3,8.53,1,-0.038,-0.102,-0.039,-0.003,-0.017,-0.067,0.009,0.007
459,329,113,4,4,3.5,9.36,1,0.095,0.141,0.041,0.01,0.006,0.313,0.064,0.934
460,319,105,4,4,4.5,8.66,1,-0.008,-0.094,0.023,0.006,0.034,-0.045,0.036,0.217
461,301,102,3,2.5,2,8.13,1,-0.054,-0.071,-0.01,-0.005,-0.029,-0.099,0.007,0.002
462,307,105,4,3,3,7.94,0,-0.04,-0.045,0.003,-0.002,-0.015,-0.129,-0.032,0.002
463,304,107,3,3.5,3,7.86,0,-0.047,-0.035,-0.01,-0.001,-0.014,-0.127,-0.03,0.001
464,298,97,2,2,3,7.21,0,-0.038,-0.076,-0.015,-0.004,-0.01,-0.097,-0.024,0
465,305,96,4,3,4.5,8.26,0,-0.044,-0.109,0.003,-0.003,0.007,-0.084,-0.032,0.002
466,314,99,4,3.5,4.5,8.73,1,-0.039,-0.181,0.013,0,0.02,-0.032,0.021,0.066
467,318,101,5,3.5,5,8.78,1,-0.016,-0.178,0.06,0.001,0.053,-0.003,0.04,0.223
468,323,110,4,4,5,8.88,1,0.051,0.067,0.048,0.01,0.086,0.103,0.073,0.702
469,326,114,4,4,3.5,9.16,1,0.079,0.173,0.046,0.009,0.006,0.24,0.068,0.886
470,320,110,5,4,4,9.27,1,0.034,0.076,0.093,0.01,0.028,0.279,0.07,0.854
471,311,103,3,2,4,8.09,0,-0.034,-0.061,-0.011,-0.006,0,-0.114,-0.035,0.003
472,327,116,4,4,4.5,9.48,1,0.068,0.176,0.038,0.008,0.044,0.324,0.059,0.98
473,316,102,2,4,3.5,8.15,0,-0.022,-0.073,-0.025,0.001,-0.007,-0.102,-0.033,0.003
474,308,105,4,3,2.5,7.95,1,-0.042,-0.051,0.005,-0.003,-0.024,-0.152,0.009,0.006
475,300,101,3,3.5,2.5,7.88,0,-0.048,-0.063,-0.008,-0.001,-0.018,-0.099,-0.027,0
476,304,104,3,2.5,2,8.12,0,-0.045,-0.052,-0.01,-0.004,-0.028,-0.094,-0.03,0.001
477,309,105,4,3.5,2,8.18,0,-0.042,-0.054,0.003,-0.001,-0.032,-0.099,-0.035,0.003
478,318,103,3,4,4.5,8.49,1,-0.02,-0.113,-0.012,0.003,0.019,-0.093,0.02,0.067
479,325,110,4,4.5,4,8.96,1,0.068,0.062,0.047,0.018,0.031,0.138,0.072,0.701
480,321,102,3,3.5,4,9.01,1,0.006,-0.159,-0.012,0.001,0.013,0.057,0.038,0.208
481,323,107,4,3,2.5,8.48,1,0.008,-0.054,0.015,-0.004,-0.046,-0.101,0.025,0.108
482,328,113,4,4,2.5,8.77,1,0.086,0.127,0.043,0.009,-0.056,0.058,0.066,0.596
483,304,103,5,5,3,7.92,0,-0.047,-0.061,0.015,0.004,-0.014,-0.127,-0.032,0.002
484,317,106,3,3.5,3,7.89,1,-0.02,-0.048,-0.011,-0.001,-0.015,-0.171,0.01,0.01
485,311,101,2,2.5,3.5,8.34,1,-0.037,-0.097,-0.025,-0.005,-0.008,-0.094,0.009,0.007
486,319,102,3,2.5,2.5,8.37,0,-0.015,-0.077,-0.014,-0.005,-0.027,-0.083,-0.038,0.005
487,327,115,4,3.5,4,9.14,0,0.091,0.198,0.047,0.004,0.029,0.214,-0.064,0.782
488,322,112,3,3,4,8.62,1,0.023,0.071,-0.011,-0.004,0.019,-0.037,0.053,0.378
489,302,110,3,4,4.5,8.5,0,-0.089,-0.011,-0.012,0.002,0.015,-0.083,-0.054,0.031
490,307,105,2,2.5,4.5,8.12,1,-0.048,-0.059,-0.028,-0.005,0.01,-0.134,0.01,0.01
491,297,99,4,3,3.5,7.81,0,-0.051,-0.076,0.002,-0.002,-0.005,-0.105,-0.027,0
492,298,101,4,2.5,4.5,7.69,1,-0.062,-0.071,0.002,-0.004,0.008,-0.141,0.007,0.001
493,300,95,2,3,1.5,8.22,1,-0.049,-0.093,-0.019,-0.002,-0.031,-0.075,0.006,0
494,301,99,3,2.5,2,8.45,1,-0.062,-0.096,-0.011,-0.005,-0.03,-0.064,0.007,0.003
495,332,108,5,4.5,4,9.02,1,0.134,0.021,0.096,0.016,0.031,0.179,0.074,0.815
496,337,117,5,5,5,9.87,1,0.094,0.123,0.051,0.011,0.048,0.367,0.042,0.999
497,330,120,5,4.5,5,9.56,1,0.069,0.21,0.066,0.011,0.058,0.274,0.045,0.997
498,312,103,4,4,5,8.43,0,-0.044,-0.094,0.006,0.002,0.024,-0.09,-0.045,0.023
499,327,113,4,4.5,4.5,9.04,0,0.095,0.137,0.045,0.016,0.059,0.165,-0.071,0.711